bguirlet;Marie;Joseph;L2-MI;B3;doux_jesus@ciel.com;066666666666;5, rue de Cormeilles;d4b3dfbf113cc8b2f6fd71bcb24b761d04b47c04a59b22a2a7db91b275542892;images_etu/bguirlet.jpeg
hdhr;osu;osu;L3-I;C1;osu.gmail.com;0606060606;5, rue de osu;8940e8ff0f04597c66a62787edb93b06326de8682f90753ba482917658478592;images_etu/hdhr.jpeg
tcasimir-perier;Theophane;Casimir-Perier;LP RS;D3;theophane.casimir-perier@gmail.com;06.94.90.48.56;6, rue de Paris;ab59a59d46fa5062606ae0b23c470070a9aa3deacc093a1d7bacf3dfce09b059;images_etu/none_pp.jpg
ghollande;Georges;Hollande;L1-MIPI;A3;georges.hollande@gmail.com;06.22.68.69.28;6, rue de Paris;cb32c16da1dcb7a152885186648cd578f791d45afe808f327e2cd5c36c7598e3;images_etu/none_pp.jpg
bmoss;Bernard;Moss;L3-I;C1;bernard.moss@gmail.com;06.18.40.60.53;6, rue de Paris;470e9881e57d1b731e99048e75ca5da7e32b3945448c0eeafa9df43ae20ff3b2;images_etu/none_pp.jpg
jcasimir-perier;Jean-Remi;Casimir-Perier;L3-I;C3;jean-remi.casimir-perier@gmail.com;06.15.62.91.46;6, rue de Paris;0b9b0d389900855c37ef10324374ffc9feba4cc7100ecb608a2d82aea0360701;images_etu/none_pp.jpg
gcalvin;Georges;Calvin;L1-MIPI;A3;georges.calvin@gmail.com;06.75.23.62.17;6, rue de Paris;53b86a9ee0925b1cfa782bef94fbc06b3d8e34bb4d7be9d3bfe1cc9cbe61c8c2;images_etu/none_pp.jpg
gfallieres;Guy;Fallieres;LP RS;D1;guy.fallieres@gmail.com;06.69.81.17.88;6, rue de Paris;2f1ff03f44e926bb4829a11c08bd27151f887eb85d161a81d248f59f74026c80;images_etu/none_pp.jpg
hgarcin;Hans;Garcin;L3-I;C3;hans.garcin@gmail.com;06.73.20.45.60;6, rue de Paris;f8b5e8f0bf87b0a38454a1ce5e0107a86f9a7fcd034e70943c41832663c4264c;images_etu/none_pp.jpg
ffallieres;Francois;Fallieres;L1-MIPI;A2;francois.fallieres@gmail.com;06.10.96.24.34;6, rue de Paris;d90b6ea668e83fc94a9e379ef5a74d50c7258b1b7eb6de5debb212ad46f6ea9b;images_etu/none_pp.jpg
agaillard;Arthur;Gaillard;LPI-RIWS;E3;arthur.gaillard@gmail.com;06.44.49.33.96;6, rue de Paris;4ae08be43585b1bf1363b5ad37b7e76e4b51c7405dcfcb1f199d38aa2fb347b5;images_etu/none_pp.jpg
mcalin;Martin;Calin;L1-MIPI;A2;martin.calin@gmail.com;06.62.79.98.32;6, rue de Paris;6e54fc77e0947177abad8b76325231fe6a1171f5dc760658c65e3399282efb4c;images_etu/none_pp.jpg
cprine;Christopher;Prine;LP RS;D3;christopher.prine@gmail.com;06.29.14.30.87;6, rue de Paris;ec4cfa5c14aea407ed761a670684118ed75b8230f2ef6d3d426eb56b36fce9ec;images_etu/none_pp.jpg
rauriol;Robert;Auriol;L2-MI;B3;robert.auriol@gmail.com;06.12.18.49.19;6, rue de Paris;5fa475a7b6c42e68627b9cd0f46c51e63e345d5c14e8ea59b1d705180435f1c7;images_etu/none_pp.jpg
ecurtis;Emmanuel;Curtis;LPI-RIWS;E1;emmanuel.curtis@gmail.com;06.41.88.85.81;6, rue de Paris;fc5725ecfa3d6a74ebedc62ee9c94d9762f71215f0021587f7933cb9064de3fd;images_etu/none_pp.jpg
pdoumer;Philippe;Doumer;LPI-RIWS;E2;philippe.doumer@gmail.com;06.14.39.71.19;6, rue de Paris;6c8c7579d96b572ed1befd9676d12f0a33da9d4bd18d43bb8779d85f52e7770e;images_etu/none_pp.jpg
jgarcin;Jacque;Garcin;L1-MIPI;A2;jacque.garcin@gmail.com;06.72.10.51.40;6, rue de Paris;cd1c5efda7f02d1f9538274c5c9cc8939b810a239ebe3115846b295134c0b33b;images_etu/none_pp.jpg
fhaddad;Francois;Haddad;LP RS;D3;francois.haddad@gmail.com;06.75.74.78.28;6, rue de Paris;0f5a94337c4aa26b112a5e5db375c6b05ea07f2d76d056f89d42eb5ac4d95372;images_etu/none_pp.jpg
ddoumergue;Damien;Doumergue;LP RS;D2;damien.doumergue@gmail.com;06.96.69.45.26;6, rue de Paris;8cbc382935ca082757142d7edc524da2adb274a10d3fe3bcde9d1449c8f94879;images_etu/none_pp.jpg
hcalvet;Hans;Calvet;L1-MIPI;A1;hans.calvet@gmail.com;06.89.11.77.22;6, rue de Paris;149edbb13a3b361852fc306540277f8a37f0b2a1e00fd46245283bc7c7487508;images_etu/none_pp.jpg
alebrun;Ariana;Lebrun;L2-MI;B3;ariana.lebrun@gmail.com;06.47.68.22.92;6, rue de Paris;2034430d1a6c78bb854a34744eb25ef2dc8fb20174d5e17b7726e86c909e2c88;images_etu/none_pp.jpg
echirac;Elene;Chirac;L3-I;C3;elene.chirac@gmail.com;06.57.72.82.28;6, rue de Paris;7a3b6fe00f0f0a32bdab3444b91e401d4e6101b76a264e9fd3cb9ee3ffde381b;images_etu/none_pp.jpg
bfaure;Benjamin;Faure;LPI-RIWS;E3;benjamin.faure@gmail.com;06.32.74.49.90;6, rue de Paris;dc2bb39efec5778258203d62b58c3399ab8d8da21109c4903479041103ffed59;images_etu/none_pp.jpg
scesarini;Sophie;Cesarini;LP RS;D3;sophie.cesarini@gmail.com;06.53.31.46.40;6, rue de Paris;8af94860afc4141b5c9ca5341c343e28dd369afccc37bf91227b720ea86b8bb6;images_etu/none_pp.jpg
mnahon;Martin;Nahon;L2-MI;B2;martin.nahon@gmail.com;06.45.37.28.86;6, rue de Paris;d0345832e391c09089ca3eb5fa42a5293df91727d901c9e038876b50cef9e157;images_etu/none_pp.jpg
scalvet;Stirling;Calvet;L1-MIPI;A2;stirling.calvet@gmail.com;06.78.64.56.56;6, rue de Paris;4f6e5dc33d9d6607657d33abf2cf55d182c550d3ed9096a33f4795baff169a44;images_etu/none_pp.jpg
hcalvet;Henry;Calvet;LPI-RIWS;E2;henry.calvet@gmail.com;06.53.43.11.23;6, rue de Paris;3c332d61500091909ec54ac983a050a6ecf743cdbad70bc0fd54618a9c420c46;images_etu/none_pp.jpg
elebrun;Emmanuel;Lebrun;L2-MI;B3;emmanuel.lebrun@gmail.com;06.58.37.71.73;6, rue de Paris;ee85c835f006c4ad087867b580142efb613d0f52bf1230ee9b5423867f2d08eb;images_etu/none_pp.jpg
bhugo;Bernard;Hugo;L2-MI;B1;bernard.hugo@gmail.com;06.61.28.65.42;6, rue de Paris;2d8c56c1d60132be6737e446e50f24fcd3faeebaab9fd33e1a6d36dbd48bd3dd;images_etu/none_pp.jpg
gbazin;Gilbert;Bazin;LPI-RIWS;E3;gilbert.bazin@gmail.com;06.96.90.64.79;6, rue de Paris;90a4eb87e395bc790b35ef4b26df4ca1aaf3ae501b033b4a565679b4bc941281;images_etu/none_pp.jpg
dhollande;Delphine;Hollande;L1-MIPI;A2;delphine.hollande@gmail.com;06.90.76.79.58;6, rue de Paris;6528a4c42712debfb2dfcb12aade9e680e614ba8b5e27fbe4d526ab364a96d44;images_etu/none_pp.jpg
qbenichou;Quentin;Benichou;L1-MIPI;A1;quentin.benichou@gmail.com;06.90.18.95.83;6, rue de Paris;0a2c6fdc405452f7843041ac1aa5885b2a532e47bd99478c26a28e5d9129138d;images_etu/none_pp.jpg
jthiers;Joseph;Thiers;LP RS;D2;joseph.thiers@gmail.com;06.16.59.40.44;6, rue de Paris;6a465cd61e385c6561ff675ad3ea6bb1e673de7efc2f80383598d7b013ecd3c8;images_etu/none_pp.jpg
cdoumer;Clemence;Doumer;LPI-RIWS;E1;clemence.doumer@gmail.com;06.88.29.37.93;6, rue de Paris;80acf46cc9e727a1f8045a12917cdccb9af3968a4d87c19a6b8c06f920660e82;images_etu/none_pp.jpg
eportal;Elene;Portal;LPI-RIWS;E2;elene.portal@gmail.com;06.96.27.35.17;6, rue de Paris;5597c4d92ada04d4df00d121e8578664d0e742857ea950180284f176a3113153;images_etu/none_pp.jpg
qfallieres;Quentin;Fallieres;LP RS;D3;quentin.fallieres@gmail.com;06.13.34.98.21;6, rue de Paris;627bb197ada97656aec882ed1a427afcd161f85abb9de05d1bffb0dbe805c936;images_etu/none_pp.jpg
gmarley;Georges;Marley;L1-MIPI;A2;georges.marley@gmail.com;06.29.87.94.87;6, rue de Paris;e63849d60d93c59e9712b932351c6d8ffda347f1d7d22ba3b36197188c89ceeb;images_etu/none_pp.jpg
gmillerand;Gilbert;Millerand;L2-MI;B3;gilbert.millerand@gmail.com;06.49.55.86.36;6, rue de Paris;5ec1301eee96166cb4e8bfe0b413a39e09f84987844cb2bbd653315b28ba8d45;images_etu/none_pp.jpg
cescobar;Christophe;Escobar;L1-MIPI;A1;christophe.escobar@gmail.com;06.35.70.27.36;6, rue de Paris;1decbf01f52575bc5d630d7ba338ba1b762894563e5b01f29cb9312a2d2e49ba;images_etu/none_pp.jpg
cdoumergue;Clemence;Doumergue;LPI-RIWS;E1;clemence.doumergue@gmail.com;06.13.66.15.10;6, rue de Paris;14ae8fc943b4b35e4db0b7a7bc30c5b9e6ea9c748f24201cb9929d95d080025b;images_etu/none_pp.jpg
nchirac;Nicolas;Chirac;L1-MIPI;A3;nicolas.chirac@gmail.com;06.85.83.55.30;6, rue de Paris;afdec366e0af5443c492a591563d88f211f1120521553f54e260a40ae930e358;images_etu/none_pp.jpg
bcalvin;Benjamin;Calvin;L3-I;C2;benjamin.calvin@gmail.com;06.73.45.93.80;6, rue de Paris;19051d00388bb16743d79ccded71e0b3110000c595a521a46c3d89e1fd5b8e8c;images_etu/none_pp.jpg
cserina;Claire;Serina;L1-MIPI;A1;claire.serina@gmail.com;06.34.27.40.99;6, rue de Paris;1fb0345902b806e492578a4d07cb2a505b9c062d8c7515f8ad5174b54f5b0a28;images_etu/none_pp.jpg
hhollande;Henry;Hollande;LP RS;D3;henry.hollande@gmail.com;06.22.27.24.71;6, rue de Paris;4b8458dc2855682d44cbbdea4d7fdd1eb83cf8bd27be9a10312b631314d4b12b;images_etu/none_pp.jpg
awilliams;Arthur;Williams;LPI-RIWS;E3;arthur.williams@gmail.com;06.10.85.62.15;6, rue de Paris;5ad720b0bd5c7be07d88ab1af3a0add2482091a74824b9dfd69dd14eca4779fa;images_etu/none_pp.jpg
pstalter;Patrick;Stalter;LPI-RIWS;E3;patrick.stalter@gmail.com;06.88.48.81.98;6, rue de Paris;5226773fbb7486674cb23abea34dd1e6b09a0de16e8ce07ffacf1af90957fc02;images_etu/none_pp.jpg
rdennehy;Remi;Dennehy;LPI-RIWS;E1;remi.dennehy@gmail.com;06.24.94.93.40;6, rue de Paris;dca2dce50c35003051070f6b9420c126dc2d3f6dc4742407cbe178978092b301;images_etu/none_pp.jpg
hauriol;Hans;Auriol;L3-I;C3;hans.auriol@gmail.com;06.34.63.82.28;6, rue de Paris;117dad1e4872babba3bcb84bdbb0044e2799dc26343a6a81bab8e26050739222;images_etu/none_pp.jpg
ndennehy;Nathan;Dennehy;L2-MI;B1;nathan.dennehy@gmail.com;06.12.98.60.79;6, rue de Paris;97bd2fc09f75200e5e88e6dadd073d5ec06a59eafa94ea87b2dd77b7f646d07f;images_etu/none_pp.jpg
mcurtis;Martin;Curtis;L2-MI;B3;martin.curtis@gmail.com;06.65.75.70.37;6, rue de Paris;d8f2b693cb25741e8b0daf7d34f80ac38d1c687af65ae2ab20baa45cfb387334;images_etu/none_pp.jpg
achaplin;Arthur;Chaplin;L1-MIPI;A2;arthur.chaplin@gmail.com;06.71.78.22.36;6, rue de Paris;d37dd144a381a5ef413ec5e00cc6c0543aaf1cad69ffb1f4bc1ae51b11b07578;images_etu/none_pp.jpg
jbenichou;Joel;Benichou;LPI-RIWS;E1;joel.benichou@gmail.com;06.98.32.77.47;6, rue de Paris;d0f1aa560e4df248c3fef8c335e96437325cb9faa978bbc361093246999b44cb;images_etu/none_pp.jpg
bhollande;Bob;Hollande;L3-I;C2;bob.hollande@gmail.com;06.87.52.79.19;6, rue de Paris;37ca287e92de657bab3d912d7ea45ca932f67195e9f4ddbf541aeb19178a163e;images_etu/none_pp.jpg
chollande;Charles;Hollande;LP RS;D2;charles.hollande@gmail.com;06.47.11.87.25;6, rue de Paris;f3e35e865584b78598636f33a89bd8e6b27426aed65808400e4daaa3134d4fdf;images_etu/none_pp.jpg
qchaplin;Quentin;Chaplin;L3-I;C1;quentin.chaplin@gmail.com;06.13.33.31.88;6, rue de Paris;f9f17afe05349a78f0e4c94b7aaa685838b131c092e6e7c02c2b3950ce84030d;images_etu/none_pp.jpg
ccesarini;Christophe;Cesarini;LPI-RIWS;E3;christophe.cesarini@gmail.com;06.73.42.24.50;6, rue de Paris;f28ba4e288c07a5cd697be0d491135149124003204c50378308eb161cb837c06;images_etu/none_pp.jpg
knahon;Killian;Nahon;L3-I;C2;killian.nahon@gmail.com;06.71.20.17.62;6, rue de Paris;6bc5d407fbd3363174d61a0412fa951b2266f04819a0cba98139279322600501;images_etu/none_pp.jpg
dpoincare;Damien;Poincare;LP RS;D2;damien.poincare@gmail.com;06.53.80.89.54;6, rue de Paris;5180018b81953caa73abd4aab9be2c0b7f096c74668454b76bf3b21d5edba894;images_etu/none_pp.jpg
rcoty;Robin;Coty;L3-I;C1;robin.coty@gmail.com;06.25.57.66.95;6, rue de Paris;3f241a7a0b53f3dba00e7502840edc5b2509218bf83db032d1f7f093c6afddb4;images_etu/none_pp.jpg
erosny;Elene;Rosny;L3-I;C1;elene.rosny@gmail.com;06.78.84.75.77;6, rue de Paris;eaeefed5821f20107702f7ebba084a5edc0d160a68a89be6911db9085f22d32e;images_etu/none_pp.jpg
nportal;Nicolas;Portal;L3-I;C3;nicolas.portal@gmail.com;06.41.22.88.35;6, rue de Paris;2b7dfe389e00f0d8b436ab2180acc97f3d978c13af7dfb685438941764c62332;images_etu/none_pp.jpg
cmarsalis;Clemence;Marsalis;L2-MI;B1;clemence.marsalis@gmail.com;06.43.67.51.83;6, rue de Paris;6b9f67cafc3d9ed78194b2994995f82befbc3d0f7778e0b62ab392a878f80a80;images_etu/none_pp.jpg
mwhittingham;Marie;Whittingham;LPI-RIWS;E2;marie.whittingham@gmail.com;06.71.80.27.19;6, rue de Paris;9aebc7d78a01be271f6cb00b6d70fa1cd5b368c52e8be2b2e88fbba9ec40a9c1;images_etu/none_pp.jpg
rhollande;Remi;Hollande;LPI-RIWS;E3;remi.hollande@gmail.com;06.83.77.34.64;6, rue de Paris;0ea21c3324fd588789e9224bf9095b32862abd507eb2e19893a9ca0606a3c432;images_etu/none_pp.jpg
pprine;Philippe;Prine;L2-MI;B2;philippe.prine@gmail.com;06.61.24.59.98;6, rue de Paris;d0bc3aa7462539ca765394b36ab6c138a13f9f8d292b8f4220b6eac8e6c27116;images_etu/none_pp.jpg
hsarkozy;Hans;Sarkozy;LP RS;D2;hans.sarkozy@gmail.com;06.27.93.32.35;6, rue de Paris;799310ee2c22dc968059c7f04c9330b95a88e3bc7bdcf7b3aebe79147663bbd0;images_etu/none_pp.jpg
ploubet;Pierre;Loubet;L1-MIPI;A2;pierre.loubet@gmail.com;06.35.51.46.71;6, rue de Paris;26baa01d28b8394c1ca9dbd276287da8e7197b8e269ea1bc619eb9a566990ebb;images_etu/none_pp.jpg
gcalvet;Guy;Calvet;L3-I;C3;guy.calvet@gmail.com;06.94.22.86.22;6, rue de Paris;144f38e25783346f3508d8fa31d29db35000575b42572bfb444d18c94bff59fe;images_etu/none_pp.jpg
tmeyer;Thibault;Meyer;LPI-RIWS;E1;thibault.meyer@gmail.com;06.30.94.93.40;6, rue de Paris;8eda173eaeaf03a0907a67cbda48038fede45e169a83e3da218c89990aca3b42;images_etu/none_pp.jpg
mcurtis;Maurice;Curtis;L3-I;C1;maurice.curtis@gmail.com;06.72.71.96.19;6, rue de Paris;5df87ce56b4a77390c4afa944b9c20a89ef9ae564c68d9e53b54092527d32f02;images_etu/none_pp.jpg
jgiscard d'estaing;Jean-Remi;Giscard d'Estaing;L3-I;C1;jean-remi.giscard d'estaing@gmail.com;06.29.45.27.45;6, rue de Paris;2f206831872ea95a21653f0dd43265fe5be5e45086ceb44ad46e716badebe0bc;images_etu/none_pp.jpg
pgainsbourg;Pierre;Gainsbourg;LP RS;D1;pierre.gainsbourg@gmail.com;06.14.93.77.16;6, rue de Paris;a9b0c9ae480755e7e6de763f9aefe08651c576e12953f458b79d64d1de0e35a3;images_etu/none_pp.jpg
mcesarini;Merle;Cesarini;L3-I;C3;merle.cesarini@gmail.com;06.36.95.75.23;6, rue de Paris;085345bd6ca054f7aee64d4ab7ee2371972ac036c543c446eca62154e803a6f7;images_etu/none_pp.jpg
kmarsalis;Killian;Marsalis;LP RS;D3;killian.marsalis@gmail.com;06.50.84.97.80;6, rue de Paris;fe84b15e07355f288ce164b58b4ea5b40ac0cd4bab2fcc9ea43579e0103ea386;images_etu/none_pp.jpg
bdoumergue;Bob;Doumergue;LPI-RIWS;E3;bob.doumergue@gmail.com;06.91.23.66.62;6, rue de Paris;16ac8de4fb6e52876309e7ed42cbc3f5e618b3f6b72e615559827e3668d02384;images_etu/none_pp.jpg
lcarnot;Louis;Carnot;LP RS;D2;louis.carnot@gmail.com;06.27.55.50.50;6, rue de Paris;f8c0e1a1e5efca7c3e79d8f59650377138f86f1af74c5a0bd6357b0f0196805e;images_etu/none_pp.jpg
jnahon;Jhon;Nahon;LPI-RIWS;E2;jhon.nahon@gmail.com;06.54.62.84.20;6, rue de Paris;796344638d207f60130f7676afb09407d351d6bf185ece7b2a22e7405b35a8fb;images_etu/none_pp.jpg
aloubet;Arthur;Loubet;L2-MI;B2;arthur.loubet@gmail.com;06.45.87.71.20;6, rue de Paris;fa92b07e46e2caf73900afc04ed036d3000b2e345a561074a872a07a5450035a;images_etu/none_pp.jpg
tauriol;Tiara;Auriol;L2-MI;B2;tiara.auriol@gmail.com;06.60.49.18.53;6, rue de Paris;a9804676ff7ad3fedb51bc81a0a10348a0323cd5da33351c006fa92b828c8b10;images_etu/none_pp.jpg
dhaddad;Diana;Haddad;LP RS;D1;diana.haddad@gmail.com;06.45.99.32.98;6, rue de Paris;52bd7ffe2f6d586863b66b297eca5aeaf994c6852bce0daa6c1bcd8134bcde60;images_etu/none_pp.jpg
pgarcin;Peter;Garcin;L1-MIPI;A2;peter.garcin@gmail.com;06.34.18.70.87;6, rue de Paris;db6a067731a6de7154b6a40d30d9674e2a08c0a22d47877c6b8954b733327578;images_etu/none_pp.jpg
ebazin;Etienne;Bazin;L3-I;C2;etienne.bazin@gmail.com;06.25.46.20.23;6, rue de Paris;14ad76e374e65ef9e361b0b0648698ea660bb3169b12c150b1efdbe7778a0b1f;images_etu/none_pp.jpg
jlebrun;Jean-Francois;Lebrun;L1-MIPI;A1;jean-francois.lebrun@gmail.com;06.88.47.90.85;6, rue de Paris;621bcfedf232b6784bdf316d2961679db70acc830acd976cc43b9e3133314980;images_etu/none_pp.jpg
pbrassens;Peter;Brassens;L1-MIPI;A3;peter.brassens@gmail.com;06.29.39.60.94;6, rue de Paris;786e97bf0ccb19e7eb5a18269dadb14deb0917462445f43fbe9383f49a4dbc8a;images_etu/none_pp.jpg
jcalvin;Jean-Remi;Calvin;L1-MIPI;A2;jean-remi.calvin@gmail.com;06.17.16.51.16;6, rue de Paris;d80eee02fcd925bf8b077927a6fc77fdbc0839840f3d6d6b5e1ac93b22a3ccd4;images_etu/none_pp.jpg
fstalter;Florian;Stalter;L3-I;C3;florian.stalter@gmail.com;06.24.88.53.64;6, rue de Paris;706f7af6b4b97c99d0a64fa11da31b17c8e3a5f240c88a2391e014db0dbe0cc8;images_etu/none_pp.jpg
pdrucker;Paul;Drucker;LPI-RIWS;E3;paul.drucker@gmail.com;06.87.76.34.74;6, rue de Paris;4891bed14794716f02f0d5cd9ebc76101d16d4aaa728a43743bbc1746ebeeb80;images_etu/none_pp.jpg
qthiers;Quentin;Thiers;L2-MI;B2;quentin.thiers@gmail.com;06.49.63.15.77;6, rue de Paris;65fec54ab09ffca422e7d1e4377505c041d0d868449743e64890021031e09eaf;images_etu/none_pp.jpg
mpoincare;Marine;Poincare;LPI-RIWS;E1;marine.poincare@gmail.com;06.91.47.79.82;6, rue de Paris;ad6670fcd83264426f4174352ec00cab5e81fd211d27ca76822251a0a140bc77;images_etu/none_pp.jpg
tsepulveda;Tiara;Sepulveda;L3-I;C1;tiara.sepulveda@gmail.com;06.51.23.87.29;6, rue de Paris;a06e3ba4ffacb21a0eb6292a695d9c4a291e4e87cc472b84283bc430401e4280;images_etu/none_pp.jpg
dsarkozy;Delphine;Sarkozy;LPI-RIWS;E2;delphine.sarkozy@gmail.com;06.15.53.71.54;6, rue de Paris;a8543e1377d730d6324478d56140ae49cfc8a0bacb1e12f1e5d02f98d563c631;images_etu/none_pp.jpg
tcoty;Tiara;Coty;LP RS;D3;tiara.coty@gmail.com;06.88.10.57.60;6, rue de Paris;bc44885bdcdbf573cbbc888af8db5ee5ada0a6b7bb03edc189d64ebfef6cb05a;images_etu/none_pp.jpg
lserina;Luis;Serina;LPI-RIWS;E3;luis.serina@gmail.com;06.59.58.87.31;6, rue de Paris;3d7fbf72cb897e76f3000d951c212d0983e890e55d9ba9f75b8a5f8ee4fed100;images_etu/none_pp.jpg
tserina;Thibault;Serina;L2-MI;B3;thibault.serina@gmail.com;06.64.35.24.38;6, rue de Paris;3e1473f89fabc1668d052759da3b3be0a183c553eddc64f451f9b56e1cfe6ae9;images_etu/none_pp.jpg
cbazin;Chrisitina;Bazin;L3-I;C2;chrisitina.bazin@gmail.com;06.40.14.26.95;6, rue de Paris;a9a313be46dcff59ae35c5bbc9d01f9e4189151e4012d8b3c7e9ca8a0d36420e;images_etu/none_pp.jpg
msepulveda;Maurice;Sepulveda;L3-I;C1;maurice.sepulveda@gmail.com;06.94.82.78.88;6, rue de Paris;39a8e54995cf3bdcf900b5dc58260eb55df1d9b5127e7bfb0129e929197b02c2;images_etu/none_pp.jpg
gescobar;Georges;Escobar;LPI-RIWS;E2;georges.escobar@gmail.com;06.54.70.82.52;6, rue de Paris;369def76b87ce16a5535253080f19823a7253f63656a8eb0bafdfb66545c3027;images_etu/none_pp.jpg
mmacron;Marie;Macron;LPI-RIWS;E2;marie.macron@gmail.com;06.93.89.17.15;6, rue de Paris;d206e50d7e1d5217a431aff8d21672f9e6ab96f8ce613d0cd0a9d017ea48f426;images_etu/none_pp.jpg
hde gaulle;Henry;de Gaulle;LPI-RIWS;E3;henry.de gaulle@gmail.com;06.41.86.42.76;6, rue de Paris;1409d234e07761913400425d2c7017cda5fca363da29975338627e2472957853;images_etu/none_pp.jpg
dmarsalis;Delphine;Marsalis;L1-MIPI;A2;delphine.marsalis@gmail.com;06.12.41.10.40;6, rue de Paris;f43e81a9d4e5654e8b530388006f6d2880fbccf01a0d86e7d83d30dfd1c792c6;images_etu/none_pp.jpg
efaure;Ellis;Faure;LPI-RIWS;E3;ellis.faure@gmail.com;06.19.85.96.20;6, rue de Paris;e4ae0774d35bf554daaad16c527c038f62b5a8bf968fe3d5148e11e0e9ee0480;images_etu/none_pp.jpg
mgaillard;Martine;Gaillard;LP RS;D3;martine.gaillard@gmail.com;06.16.74.63.11;6, rue de Paris;374e3999d774ad71b17d8ecb43cedcec0731b0dc7aead7c286cab00eba95fd76;images_etu/none_pp.jpg
