douhmid47;Decourcy;OUHMID;LP RS;D3;decourcy.ouhmid@gmail.com;06.47.14.61.15;6, rue de Paris;c3fa1b332a24e380bec6f697ae44a2d4cc115a0f088c840d8ee7eae82cc4840f;c097k7ca0bz05;assets/pp_none.png
em'bareck74;Emerente;M'BARECK;L1-MIPI;A2;emerente.m'bareck@gmail.com;06.74.11.76.13;6, rue de Paris;c85653b773d66fbe49002737c01bd97abf84b628d4edb6804a4537fe09161d55;h09uv6vc69sga;assets/pp_none.png
pheinike35;Perrianne;HEINIKE;L2-MI;B3;perrianne.heinike@gmail.com;06.35.89.98.62;6, rue de Paris;b1aa7affb09f8167b92b66d620544c1b5471d0cbc2f590ee25c72d5cf6ca7b32;44x34awp7458g;assets/pp_none.png
droy ledoux16;Diadoumbe;ROY LEDOUX;L2-MI;B2;diadoumbe.roy ledoux@gmail.com;06.16.59.29.35;6, rue de Paris;b595734bad6ab17e0df75b9574beb27f5d3725e90d3c2ac6a7675965cdacc6b8;86tguf1279n53;assets/pp_none.png
gthrockmorton73;Gothardi;THROCKMORTON;LP RS;D2;gothardi.throckmorton@gmail.com;06.73.28.89.37;6, rue de Paris;a8aaad004c5b28d6cb6553907623fb87878b8a2638779f3e243efd1daa423627;80692950fe783;assets/pp_none.png
aseckbach46;Abdelaziza;SECKBACH;LP RS;D1;abdelaziza.seckbach@gmail.com;06.46.35.53.89;6, rue de Paris;d6ac8bf6602564e4fc9642140673c4b28b8efe5be30e099266c7afb183567488;2xg716d5qxm4g;assets/pp_none.png
ografen70;Oheikh;GRAFEN;LPI-RIWS;E2;oheikh.grafen@gmail.com;06.70.32.88.16;6, rue de Paris;b8715609578971921daf40f2ce33d7855cec019c55ba6d57d59bb4fd2db27946;z161441ly643s;assets/pp_none.png
iskwarski12;Immaculada;SKWARSKI;L3-I;C2;immaculada.skwarski@gmail.com;06.12.47.91.58;6, rue de Paris;c22c5369a891cb86996f67538873187f016fb0616cb2bf34cd97b6fd0f751962;fh94wvzu711ed;assets/pp_none.png
imusat86;Iulian;MUSAT;L1-MIPI;A3;iulian.musat@gmail.com;06.86.43.97.94;6, rue de Paris;13461b1e7735f6b7fe719015c7c49ecdd2700b5104a990e0479c4586fba0737d;h837q22l4otik;assets/pp_none.png
ncouespel du mesnil52;Norwan;COUESPEL DU MESNIL;LPI-RIWS;E1;norwan.couespel du mesnil@gmail.com;06.52.75.75.18;6, rue de Paris;7950a21e24c14b4dc92b0bd7a8ea570304df32679d19dd5b9f8eede897f868fb;552q42wnh245n;assets/pp_none.png
grainho serra19;Gerbaud;RAINHO SERRA;L2-MI;B2;gerbaud.rainho serra@gmail.com;06.19.84.72.25;6, rue de Paris;fbf7524b06c0212acd05ce86fd8bac99bd0a601a241d826f0f79c8436bce8608;h8a3r48v0yh4p;assets/pp_none.png
mdimitrovski57;Mohamar;DIMITROVSKI;L1-MIPI;A1;mohamar.dimitrovski@gmail.com;06.57.70.77.26;6, rue de Paris;1f3ba9b5c66fa51de683e773edcde9363fd0cb1a1b26e32a4ae42b6a23e0874e;48rh979fk6h7q;assets/pp_none.png
llefevre bernard10;Labdelli;LEFEVRE BERNARD;L2-MI;B3;labdelli.lefevre bernard@gmail.com;06.10.56.93.72;6, rue de Paris;3aa312b04118bf861eff4f22b6be5adaf65fa80b0980f628fb6971d9650cf1e6;mt1mz57853e7b;assets/pp_none.png
themmerter36;Teintureri;HEMMERTER;L3-I;C1;teintureri.hemmerter@gmail.com;06.36.39.56.27;6, rue de Paris;6d3afe40caa551487316368ee15ff6847f24fab900f6ae26dd4b415a4bf9d2a6;t2lap8iw3j8k6;assets/pp_none.png
arigard30;Albertico;RIGARD;LP RS;D1;albertico.rigard@gmail.com;06.30.76.46.73;6, rue de Paris;42ce641ea9e2681475257e06d588da337754ca6bdf594eebe626d2c4a9976911;gjb7sopil6q1u;assets/pp_none.png
mbuchelle51;Mofoutahou;BUCHELLE;L3-I;C3;mofoutahou.buchelle@gmail.com;06.51.51.51.28;6, rue de Paris;ea711ff3140c3d8ea5eeebe17ac012040a3f33e779d2854f055edb2add02e59f;584q8fye3rxqn;assets/pp_none.png
mtamaglit95;Marzeeya;TAMAGLIT;L2-MI;B2;marzeeya.tamaglit@gmail.com;06.95.96.44.99;6, rue de Paris;0c0e7699ecb050d5fa7f318dfc8d32699a1370e08a202f5f621dcae3e9c85fb9;2nbbp594pk63g;assets/pp_none.png
nsmejkalova69;Nadrhata;SMEJKALOVA;LPI-RIWS;E1;nadrhata.smejkalova@gmail.com;06.69.79.76.41;6, rue de Paris;5612fd2a630ce28f8ea94f7214d9ad18b20727d860ef9065cc79b0a8ed64dee3;47673s377j2dh;assets/pp_none.png
kroux gerard98;Kogjo;ROUX GERARD;LP RS;D3;kogjo.roux gerard@gmail.com;06.98.81.86.88;6, rue de Paris;487886a0f0531a99902bfb4299b6fb26bd65c2a66d97732e643fce27fa29a495;021ko707npto1;assets/pp_none.png
ypinchin32;Yankos;PINCHIN;L1-MIPI;A3;yankos.pinchin@gmail.com;06.32.58.22.79;6, rue de Paris;88889f7235b6b2ce8d1c08c1288e72924b287844ae61e02ecd8975081719c825;9y36qbac0oy2p;assets/pp_none.png
ddauresse51;Djalim;DAURESSE;L1-MIPI;A3;djalim.dauresse@gmail.com;06.51.22.54.20;6, rue de Paris;22c657e74d7efbed31ab5487587079d176a6e7f282aa2ee9be99e4af08e2e47f;7n26homa3iz1j;assets/pp_none.png
cmonlon borrel39;Concepti;MONLON BORREL;LP RS;D3;concepti.monlon borrel@gmail.com;06.39.18.53.71;6, rue de Paris;4b1997c46c75b0b0e608eb75e9f1324075360c16818419ac3578a55ee53f1a1a;r768427r9x237;assets/pp_none.png
arizzi27;Awinie;RIZZI;LPI-RIWS;E3;awinie.rizzi@gmail.com;06.27.57.41.55;6, rue de Paris;2a75b5ca272eb895f835ae988d5f8b36fd59a24612f874c1ed85b7b56a0221b1;68ny077vq659r;assets/pp_none.png
jfloriani48;Janaghiotis;FLORIANI;LP RS;D2;janaghiotis.floriani@gmail.com;06.48.54.81.94;6, rue de Paris;a4511d91f20fe8538b5c79902c7e931ea8456993813cf5b9021d9e6f3004ff3d;na821234rbc47;assets/pp_none.png
bsambinan47;Bleuet;SAMBINAN;L2-MI;B1;bleuet.sambinan@gmail.com;06.47.31.27.83;6, rue de Paris;4ffc1912464e3c3f1b0d971cef77d4f275b94b8c2e2520dcb6e750736aee47f7;gbmsmp09tm6y9;assets/pp_none.png
sciuffa yamamoto14;Sang;CIUFFA YAMAMOTO;L1-MIPI;A3;sang.ciuffa yamamoto@gmail.com;06.14.98.45.17;6, rue de Paris;7c775ba074364d809f230768ca200468dea0921caaad9a4d6374f9c6fdc18f46;ijd84zi4nmjdk;assets/pp_none.png
jgrenzinger73;Jelloy;GRENZINGER;L3-I;C3;jelloy.grenzinger@gmail.com;06.73.48.34.30;6, rue de Paris;3bba8c19c797355cf9dc5abdd777dc2b6c71e5a101bcb40c3a8a123213630bf4;7fq39bm586953;assets/pp_none.png
gaumont boisseau25;Guyetie;AUMONT BOISSEAU;L3-I;C2;guyetie.aumont boisseau@gmail.com;06.25.69.42.13;6, rue de Paris;4360dbbfeeb4604ddfefeed22f9e4a6c00aee0f975d4dcbc6cdd16284eb896ff;0v5q49tyw9zft;assets/pp_none.png
ebazeviciute25;Elionilde;BAZEVICIUTE;LPI-RIWS;E2;elionilde.bazeviciute@gmail.com;06.25.56.50.65;6, rue de Paris;e1d1e7516a015b65bcb371090a237cbb328cf520db0d8bee7cf44445aeedccbc;ng4vgl575b73v;assets/pp_none.png
slatrasse meslet64;Seffana;LATRASSE MESLET;LPI-RIWS;E2;seffana.latrasse meslet@gmail.com;06.64.49.18.98;6, rue de Paris;43a7f83399da43ba8e9e0110e479baa54d768e59fe8d10486b63d61c207c5f37;p4jglbvw04i58;assets/pp_none.png
sbrassan39;Shaoma;BRASSAN;LPI-RIWS;E2;shaoma.brassan@gmail.com;06.39.20.10.87;6, rue de Paris;e63d2f31565ef9121bcce76f8e5925e2864b3cfd417f3241298503e45885af4a;q2256jo6xap8o;assets/pp_none.png
esosen21;Elhamy;SOSEN;L3-I;C2;elhamy.sosen@gmail.com;06.21.38.73.87;6, rue de Paris;6f7a65d890f3d2938055e27242101014eb4b155989213d1125cc8237030b00f2;d2gx8i8613964;assets/pp_none.png
ldurieux wattebled87;Luigui;DURIEUX WATTEBLED;LP RS;D1;luigui.durieux wattebled@gmail.com;06.87.80.62.12;6, rue de Paris;eb38b9ec547f1a07c20959c2346fe478fbcac35dd9a7a344d97f7d57495eefad;2s318yk58xxv2;assets/pp_none.png
wfressart43;Wahyba;FRESSART;LP RS;D1;wahyba.fressart@gmail.com;06.43.57.48.28;6, rue de Paris;3254702d519adaee0dfb517b006217a50af4685d610731b30115dcea289f0b45;hd2070y1m10c9;assets/pp_none.png
ansefoumou n neme68;Abodin;NSEFOUMOU N NEME;L3-I;C3;abodin.nsefoumou n neme@gmail.com;06.68.59.99.51;6, rue de Paris;18c97450a292e92a0bb35d53b38607b5c605a799fd44008483083338534c1190;jyg1587gds77c;assets/pp_none.png
abiennesca99;Appolon;BIENNESCA;LP RS;D2;appolon.biennesca@gmail.com;06.99.54.75.61;6, rue de Paris;5b6652cc5b9f87e0307d0f730e4f5a72a69e2472806a4c56c1466d383ad3f293;e541jp7205v28;assets/pp_none.png
olimoussiere83;Osan;LIMOUSSIERE;L3-I;C2;osan.limoussiere@gmail.com;06.83.40.42.58;6, rue de Paris;b35f0adf3c0c41d5d9119ba69d7b4badb8543399dc6f5db279a8ced012680dc6;p4y14k8azp930;assets/pp_none.png
icauveau19;Itea;CAUVEAU;L1-MIPI;A2;itea.cauveau@gmail.com;06.19.79.41.40;6, rue de Paris;d4c06d2d2ac51f55536adabdb616771d59af112727c9d48e183fe5c349b3987e;8z34eiev7ffp8;assets/pp_none.png
ipensec30;Ismarc;PENSEC;L2-MI;B1;ismarc.pensec@gmail.com;06.30.63.74.60;6, rue de Paris;858b174c7fb1151ce45ab4d5b28f39b07605c2d95ab95979d71f0cfc5c1b7cc0;12aw5677b0851;assets/pp_none.png
lserrailler26;Lakhamy;SERRAILLER;L1-MIPI;A2;lakhamy.serrailler@gmail.com;06.26.33.56.23;6, rue de Paris;764e139a0c197d6bdb1418a5c09045ff9389b0c894ab61217994c861ab25465a;16pyyz4g74ep5;assets/pp_none.png
sboussageon90;Stephia;BOUSSAGEON;L3-I;C1;stephia.boussageon@gmail.com;06.90.74.27.73;6, rue de Paris;c978c4a79ed161b9e7217bc3605c229b53c39d846ee7472f37dbbf1ae3029124;lu09549dzo326;assets/pp_none.png
ncarpis24;Namdeo;CARPIS;L1-MIPI;A2;namdeo.carpis@gmail.com;06.24.58.11.25;6, rue de Paris;9b72215b0ed657005698cebc97624b5a40648766bf158f088c43292b09629ec3;0i97001lg96f5;assets/pp_none.png
msparaventi81;Mailfert;SPARAVENTI;L3-I;C1;mailfert.sparaventi@gmail.com;06.81.75.19.31;6, rue de Paris;01b4c22e5c7fa95efec7dd8286c2d1e93fb0b4f5e988066cfa23cc6b521cafce;wix3ry8ux8waj;assets/pp_none.png
cciaccafava46;Chrystoph;CIACCAFAVA;L1-MIPI;A3;chrystoph.ciaccafava@gmail.com;06.46.38.37.64;6, rue de Paris;4be1321126a39907130d03ac2a214b1cfbabfed177f0d71c9cd89afb3cb2b547;2r3ld5o7ren5g;assets/pp_none.png
bpostel vinay14;Brigittemarieclaire;POSTEL VINAY;LP RS;D2;brigittemarieclaire.postel vinay@gmail.com;06.14.19.35.84;6, rue de Paris;496805ccab9d3ca48deb33f4d2d0d3052c771422c9c4c4b422728c9d6bd4f743;z6rcrtao047lg;assets/pp_none.png
mduckert44;Matilde;DUCKERT;L1-MIPI;A3;matilde.duckert@gmail.com;06.44.52.49.89;6, rue de Paris;4e7e2fd130b51aaf909dada953e90614230394f16c690fc282316bc97394e52b;726i1le09smy0;assets/pp_none.png
jde muicy louys43;Josuha;DE MUICY LOUYS;LPI-RIWS;E3;josuha.de muicy louys@gmail.com;06.43.73.27.15;6, rue de Paris;6b0151a0b4591b87272998d815df66c10bbe869f09399cfe1932e31320f38267;e416x8e948pz5;assets/pp_none.png
andiogou34;Albun;NDIOGOU;LP RS;D1;albun.ndiogou@gmail.com;06.34.11.67.61;6, rue de Paris;0bc9f9bb12f0df39fe14d83abca3832e7cb80d90b62e1e370d0840fe2f3f9ac5;ob0ihl05d7g9i;assets/pp_none.png
kforignon58;Krztsztof;FORIGNON;LPI-RIWS;E1;krztsztof.forignon@gmail.com;06.58.81.13.78;6, rue de Paris;37212d6a1740c21e2239957932a9c21530cde0be4ae085e35add119153e681eb;g4pe5hvx0v484;assets/pp_none.png
gle ballier38;Geronimi;LE BALLIER;LPI-RIWS;E1;geronimi.le ballier@gmail.com;06.38.77.37.54;6, rue de Paris;954db31a904fbf6536c6f4cbc75afd36e3119af818f7af649d81e8fda653f533;72vbri0s8m57s;assets/pp_none.png
tguyat57;Trefor;GUYAT;LP RS;D1;trefor.guyat@gmail.com;06.57.83.57.38;6, rue de Paris;fb82800728194868420dac1459e14a3e0de68a1c7c9be1706eeb90559bf99e3a;1k9hy52hw2rn5;assets/pp_none.png
dsaqueen91;Diamoye;SAQUEEN;L1-MIPI;A1;diamoye.saqueen@gmail.com;06.91.43.38.66;6, rue de Paris;c0d0e3f1f42e92b287e78fef4400d77cf8a80abb173ce8af5dd9f369f9b7ac92;07j19o17s71ah;assets/pp_none.png
mnoilhac27;Madbouli;NOILHAC;L3-I;C3;madbouli.noilhac@gmail.com;06.27.86.28.58;6, rue de Paris;4eb91cf9f31b697666d11864c5972a1933eafe1266b40ca3e6e637628749ca45;717d28ut2n2hv;assets/pp_none.png
tchanclu theodore76;Thelune;CHANCLU THEODORE;L2-MI;B1;thelune.chanclu theodore@gmail.com;06.76.39.63.38;6, rue de Paris;2d40af667556a7ee09c965b5efb479edc2c984f1cb24115d3865c433701b8555;c80885q25si0u;assets/pp_none.png
sbentic23;Soma;BENTIC;LP RS;D2;soma.bentic@gmail.com;06.23.72.23.57;6, rue de Paris;8664aaff6d3cd4883f36964c35ddff61bb98ffaa32b13fecea560d38f1f0feca;uqig7wx8f7i7d;assets/pp_none.png
asaremba58;Adiwijaya;SAREMBA;L2-MI;B2;adiwijaya.saremba@gmail.com;06.58.35.67.72;6, rue de Paris;0aaae78e6f79a91073e46936c2ae7918c7a7e407efae7cb0ab665fcc9d31f512;h26wh4n33h2t7;assets/pp_none.png
tmotos cerezuela97;Totora;MOTOS CEREZUELA;LPI-RIWS;E1;totora.motos cerezuela@gmail.com;06.97.54.65.14;6, rue de Paris;1d76ab830acddcb161b4c5e0868323e5cce2f0da8270505f6e2eef9eca1d9877;0uhhkhm5e5pby;assets/pp_none.png
sdecolombi82;Solouma;DECOLOMBI;L1-MIPI;A1;solouma.decolombi@gmail.com;06.82.48.11.31;6, rue de Paris;6970fc7dd58b3392e2dedd6c8b2da3967691850e02b91794e496685838ec2198;petvl66l9u7gm;assets/pp_none.png
fadraz93;Fabricius;ADRAZ;LP RS;D1;fabricius.adraz@gmail.com;06.93.78.79.56;6, rue de Paris;f3f4f1631504e2d348704cf452b0fc9f9037dd83e8f2e11aab40076c773b66a9;630siw4c89o24;assets/pp_none.png
gcrocqfer38;Guelanievitch;CROCQFER;L2-MI;B2;guelanievitch.crocqfer@gmail.com;06.38.73.36.53;6, rue de Paris;bf497fd778e4f9217aa10e27027de2132a9a0fadc66e0ae08a399bf9c11036f5;4x8jgz6jj0827;assets/pp_none.png
hbaccache51;Huberson;BACCACHE;LP RS;D2;huberson.baccache@gmail.com;06.51.69.56.93;6, rue de Paris;1a928dd0c9ebbb3b933952c3f57185f15ed6387588293c77dbe080ec1e85b8a4;x1s4chx17zj6r;assets/pp_none.png
lchavanec63;Lucjacques;CHAVANEC;L1-MIPI;A1;lucjacques.chavanec@gmail.com;06.63.71.90.73;6, rue de Paris;61878e7760ff39e78f3b2432c55b5f84d21a55c4bf7ed028ac8656bda556a616;sg34lkc3s9093;assets/pp_none.png
kavril ansiaux44;Khoriya;AVRIL ANSIAUX;LPI-RIWS;E3;khoriya.avril ansiaux@gmail.com;06.44.28.66.65;6, rue de Paris;1544c1924086cb8731d5c6ca435ccc6de83483ee433476521f9e7b9d024486e8;96544ib3eq31a;assets/pp_none.png
hmariscal escobar91;Helenr;MARISCAL ESCOBAR;LP RS;D1;helenr.mariscal escobar@gmail.com;06.91.26.68.57;6, rue de Paris;d4aec2b1ba3ceb7fc5c1bc33d924a68652bb0c3146b10a72e7605ed58bd7d9a1;fk6g4e9jeu94n;assets/pp_none.png
phan yee yu59;Pavayiatis;HAN YEE YU;LPI-RIWS;E2;pavayiatis.han yee yu@gmail.com;06.59.70.82.61;6, rue de Paris;6caa05d8376d7eb37728c71f24a01eb7e3f7d954317ba82a761784fd5b5220df;j1ny020wq4x5k;assets/pp_none.png
pyrisson39;Pire;YRISSON;L2-MI;B3;pire.yrisson@gmail.com;06.39.86.27.90;6, rue de Paris;e294ec3277abd2997a7f9c0b00cf733f20149509bb1b0794558c21eeacef5323;yndjkx761q83z;assets/pp_none.png
gfiroozabadi52;Girsel;FIROOZABADI;L3-I;C2;girsel.firoozabadi@gmail.com;06.52.58.57.91;6, rue de Paris;6d5363e98e10e3142f1575c8c0591f824dc68bafe997de9db721af5fbd2684fb;lgazck33b4o58;assets/pp_none.png
fdiepers48;Fakri;DIEPERS;L1-MIPI;A1;fakri.diepers@gmail.com;06.48.64.47.48;6, rue de Paris;ef764e9b2415f8f235255dcd237e86ebfd90d7fc30adc20664be140c77b3109d;4qb56f26v23qv;assets/pp_none.png
itahrouch53;Ibrout;TAHROUCH;L3-I;C3;ibrout.tahrouch@gmail.com;06.53.54.72.69;6, rue de Paris;18f2b29b66e146acb0d5d023e24a20ea66501b344a77c5d1e6ae56c5c4af19ff;926h2jz1le1r5;assets/pp_none.png
ecedric metwalli79;Eibert;CEDRIC METWALLI;L2-MI;B2;eibert.cedric metwalli@gmail.com;06.79.98.58.50;6, rue de Paris;ab846f9c835033a77e78c767cb9bf3e6f9f53498e25f855ddf3aad78d793ae55;2b2p60g79w661;assets/pp_none.png
rbelhamsali65;Roshanara;BELHAMSALI;LPI-RIWS;E1;roshanara.belhamsali@gmail.com;06.65.97.47.39;6, rue de Paris;c12f338d625d1317028b51aa685124123f90051899500099cfbdf43e1ed9e49a;aiwcu21j475h5;assets/pp_none.png
lvarence53;Lardellier;VARENCE;L2-MI;B1;lardellier.varence@gmail.com;06.53.50.95.70;6, rue de Paris;0de051a38d81042f6ab0416c15765a625251296d3900fc20ecdf31475b7d2189;056vi229d96yb;assets/pp_none.png
ncohen zardi62;Nirumon;COHEN ZARDI;LPI-RIWS;E3;nirumon.cohen zardi@gmail.com;06.62.60.21.91;6, rue de Paris;3c655055d6b745d9d89451713098cd3cc498e04c21e9d620da5fe9c020d90b43;u56alo9y4e2u8;assets/pp_none.png
rsarfarti46;Razikina;SARFARTI;L3-I;C1;razikina.sarfarti@gmail.com;06.46.66.45.81;6, rue de Paris;b658c278db3b32259bc6f0a6ffad1d6731991db94670fd6f86cee845737c53fc;yc5wiq71v6x5l;assets/pp_none.png
pfachus25;Peeroo;FACHUS;L3-I;C2;peeroo.fachus@gmail.com;06.25.73.33.66;6, rue de Paris;2ec74944e8def39208c41a2608738412296cf5de78ed4b91a01eaef82de0ddef;5e0wugxjcbg29;assets/pp_none.png
tmilangue89;Teslaw;MILANGUE;L2-MI;B3;teslaw.milangue@gmail.com;06.89.67.75.48;6, rue de Paris;dac72c24b0dbf4e30a447f43410a4a93783c106b010a0920bb2fced54c388879;8f1s524bz45px;assets/pp_none.png
irazermera62;Iboo;RAZERMERA;L1-MIPI;A2;iboo.razermera@gmail.com;06.62.40.80.73;6, rue de Paris;639379fc6e493b92476760c08519d9ea48d0530cbab4efd56e1248532f960907;68r21jtn70l55;assets/pp_none.png
mpannagas32;Meixiang;PANNAGAS;LPI-RIWS;E1;meixiang.pannagas@gmail.com;06.32.83.93.66;6, rue de Paris;6fd80a463bc9766be03037fa217b95d43a44f570bd2a4c5f8158f547ba68643f;586f1mpriibxq;assets/pp_none.png
baubusson98;Bertinotte;AUBUSSON;LPI-RIWS;E1;bertinotte.aubusson@gmail.com;06.98.54.19.23;6, rue de Paris;a0461a3c236d6526460b104008c971c3444266edbb76a3ed61df3ec20d005a64;9fbdz6ux2o3kd;assets/pp_none.png
snagdelon64;Stojmir;NAGDELON;LPI-RIWS;E3;stojmir.nagdelon@gmail.com;06.64.86.36.24;6, rue de Paris;ed5684d6f18ffdcadf122e451db7bab2efb6f3f180c31a5bcd150441209525ce;ec290b73041hg;assets/pp_none.png
jstoetel63;Jesutondin;STOETEL;L1-MIPI;A1;jesutondin.stoetel@gmail.com;06.63.31.99.81;6, rue de Paris;18bb052b0046b0174879fa9a0ab84e312f8be167a9c2d2260b3ea8c93891256c;11vr0l58e5803;assets/pp_none.png
cududec71;Chanfiou;UDUDEC;L1-MIPI;A2;chanfiou.ududec@gmail.com;06.71.90.39.44;6, rue de Paris;4e74ae98c53f5f5d6cc77cc686baa139e89a0a2525005853711ed781e0f2b4ae;dquaiy5j8daw5;assets/pp_none.png
pmanopoulos50;Pratchya;MANOPOULOS;LPI-RIWS;E3;pratchya.manopoulos@gmail.com;06.50.45.87.53;6, rue de Paris;0cb94597def721c73b205f768626adb3c0e86c62444515b947c1f2c64ebc19e4;10v07kv6x7g36;assets/pp_none.png
xbesantini56;Xabat;BESANTINI;L3-I;C1;xabat.besantini@gmail.com;06.56.77.49.36;6, rue de Paris;85052a7532e11a641109f61718cbf0c52048e09322fd44ac9b9ee4d59c8fd171;1hi76rmtfczls;assets/pp_none.png
aauger guillotin76;Ayiten;AUGER GUILLOTIN;L1-MIPI;A3;ayiten.auger guillotin@gmail.com;06.76.92.65.17;6, rue de Paris;0e7c7bf2e335d525dba1bd0fcfd7aec6cc611482f135b97cfaeaf7b0a50a8b9e;7mwsis5d58641;assets/pp_none.png
hdelnesse44;Hidylton;DELNESSE;L2-MI;B1;hidylton.delnesse@gmail.com;06.44.13.72.77;6, rue de Paris;5230c5a1da228d697d8f832347f509d6101e371c0893bea96cf20899c2b7ee95;d915zp3e6h69l;assets/pp_none.png
bsassier65;Bekta;SASSIER;LPI-RIWS;E3;bekta.sassier@gmail.com;06.65.41.93.72;6, rue de Paris;01ec850aeac5052b220819ada7eb5742c59fe1e8c6f6ec2350bbf1e00ed14c79;p4961afmx3443;assets/pp_none.png
wel bellaidi32;Wolano;EL BELLAIDI;L3-I;C3;wolano.el bellaidi@gmail.com;06.32.50.79.13;6, rue de Paris;f3cb5f9e3a4b8e6c176d49262e57de1eab8362084c596e21a9c21bc80be88d72;e78x059bi7qsd;assets/pp_none.png
hperosanz54;Housin;PEROSANZ;L3-I;C3;housin.perosanz@gmail.com;06.54.50.78.63;6, rue de Paris;db91425f612af357c676d3a80ae84031cb27c995ac82e39a4ed68c9e62610985;6i0htph07jg4n;assets/pp_none.png
mburgod derrier69;Mamadon;BURGOD DERRIER;LP RS;D2;mamadon.burgod derrier@gmail.com;06.69.57.95.42;6, rue de Paris;c9238beb00cca81659a1f43a641746461a3fb89cddbe636e8455acdfbfe8dd19;24ny8a0f1o7zk;assets/pp_none.png
lcorbethau12;Lapo;CORBETHAU;L3-I;C2;lapo.corbethau@gmail.com;06.12.18.18.55;6, rue de Paris;d5c570b59721d7ad82647faca5dede4b7cbd1544323e596c50bb8a75d230eb69;74xq4kv8090mg;assets/pp_none.png
mcalafato19;Menouha;CALAFATO;LPI-RIWS;E2;menouha.calafato@gmail.com;06.19.72.77.25;6, rue de Paris;d85d8b2899af78ee07e3bc1e4e73b40602fed27d7398a6725b096603011b98ea;54zxmhjf0e1d9;assets/pp_none.png
mlevaye45;Moizaly;LEVAYE;L1-MIPI;A2;moizaly.levaye@gmail.com;06.45.72.48.18;6, rue de Paris;94fee5ac2fe104fa49cc53ee80f1a0a98c39dcfc287fd7f9e4a3e107e6dc04f0;h905tp61dna69;assets/pp_none.png
efreire xavier26;Eleanore;FREIRE XAVIER;L3-I;C1;eleanore.freire xavier@gmail.com;06.26.55.24.97;6, rue de Paris;a64378741f50fa6d137499db135113b3f540b0454b39b2657c6c4fabb1de8863;wcwvol40oq80k;assets/pp_none.png
jpashkova65;Juppy;PASHKOVA;L3-I;C3;juppy.pashkova@gmail.com;06.65.91.43.33;6, rue de Paris;74bc2cbbe2f0a31384c2cec63a32c2ee9e243b945f999bab7a7ca4a96260e496;4pf9evj4yy35f;assets/pp_none.png
hvlasov58;Harvet;VLASOV;LP RS;D2;harvet.vlasov@gmail.com;06.58.70.24.15;6, rue de Paris;d088bb059940a23985fda2ee9b3557f606030ab765d8ef29201bc9a77edbb1ae;eo51nh06xd43b;assets/pp_none.png
solev57;Steaphany;OLEV;LP RS;D2;steaphany.olev@gmail.com;06.57.66.29.52;6, rue de Paris;f1d0c0ff64b641b09834cdc9f5df55d83c8d3e9575f0fd6826556c871c0d55ed;2te2t9pi96b18;assets/pp_none.png
ppravata78;Pepa;PRAVATA;L1-MIPI;A2;pepa.pravata@gmail.com;06.78.27.82.13;6, rue de Paris;92ac555165f2a6524d8ad3f23813972fc47e3c6c3bc3fdf4a7deb211efe01364;8dmzt32768n8j;assets/pp_none.png
ggadollet17;Goler;GADOLLET;L2-MI;B1;goler.gadollet@gmail.com;06.17.82.54.13;6, rue de Paris;99f2f5822a47b7208472c223aa3be8f94dcc028ab62c120811aa6bff014d71ea;fdgx52qan0j23;assets/pp_none.png
zjaumann11;Zefei;JAUMANN;LP RS;D1;zefei.jaumann@gmail.com;06.11.76.16.86;6, rue de Paris;66100244be04ede938f6ea0ba52baae66c3f28817ca3a45cfa359b37fccee3ea;5xhnvw256si97;assets/pp_none.png
mmezouri72;Moudo;MEZOURI;L1-MIPI;A3;moudo.mezouri@gmail.com;06.72.36.72.80;6, rue de Paris;ec32983c0c3e1b7c25796c1a9ba4324d2bfcb973bf4c2c192bf117c91feca21e;i0ze72nm90s69;assets/pp_none.png
skaluszka11;Sylvianna;KALUSZKA;LPI-RIWS;E2;sylvianna.kaluszka@gmail.com;06.11.33.95.87;6, rue de Paris;e4f8154ce715fe0634adecbeb228ec3f4e2df8810c03f6e678b7ed85ef4656d6;j11a9s010up4c;assets/pp_none.png
amurtezi57;Ahes;MURTEZI;L2-MI;B1;ahes.murtezi@gmail.com;06.57.85.47.44;6, rue de Paris;976ff092ab35fc7a9ca887a72d615dabe910ca9aee619d65ef68108130de3a5c;3hprm55m4st3v;assets/pp_none.png
cslaninova60;Ceraline;SLANINOVA;L3-I;C2;ceraline.slaninova@gmail.com;06.60.40.77.66;6, rue de Paris;b10b98b034a3d3d76ca90a5e2a43687179efab6e1d236a63291f07a82a2fb594;wwk80d7p08081;assets/pp_none.png
ade waubert70;Alfaiza;DE WAUBERT;L3-I;C2;alfaiza.de waubert@gmail.com;06.70.91.20.54;6, rue de Paris;b6e3b0df915c594fdddd92e246bee7247b82d26ad1f35cdda39f377adf3db52a;6x47h043f6m85;assets/pp_none.png
vsanteuil69;Vangkath;SANTEUIL;L2-MI;B3;vangkath.santeuil@gmail.com;06.69.27.58.74;6, rue de Paris;39ede4f9c33d25c07f681b0ccb051cdb0c45e5d2e6eca782225f1ed51b2f6ca6;515hrdmn68yg7;assets/pp_none.png
sribouchon67;Seffoudine;RIBOUCHON;L2-MI;B2;seffoudine.ribouchon@gmail.com;06.67.25.13.36;6, rue de Paris;fa04024f3a4b66a5c771830d2c663c582607f09847b608567b7f1b68a452b673;0ru2k32451iy5;assets/pp_none.png
aould ben abdallah91;Anace;OULD BEN ABDALLAH;L1-MIPI;A1;anace.ould ben abdallah@gmail.com;06.91.53.55.52;6, rue de Paris;dee2e82ddf1f0ae448b637c8eb93079976f23a2da13238886a441293b32af64b;714sk82g7fr8b;assets/pp_none.png
mtheliez19;Manharbhai;THELIEZ;L1-MIPI;A2;manharbhai.theliez@gmail.com;06.19.21.17.37;6, rue de Paris;d17fef275fbf82c3b47a09f1910ab7cf6ef0f09207e739c377ef7946a0db97b0;h4572ian9oyib;assets/pp_none.png
lmontifroid12;Lewo;MONTIFROID;LPI-RIWS;E1;lewo.montifroid@gmail.com;06.12.12.96.55;6, rue de Paris;32839b4bbae7143655541b33e94427543db16139c77591de869e478fd79369a1;h27g3h9a75n1i;assets/pp_none.png
edubikajtis95;Elisa;DUBIKAJTIS;L2-MI;B3;elisa.dubikajtis@gmail.com;06.95.42.20.64;6, rue de Paris;40ecf7775b87ad0911d2b9145809af59afdb5cb9dd9b945cbece4588f2750826;i7x0qw110a8e4;assets/pp_none.png
wberlandi54;Wachowiak;BERLANDI;L2-MI;B1;wachowiak.berlandi@gmail.com;06.54.91.86.86;6, rue de Paris;1e72ce37b1e72419e4bf0720bff77dad88bbef3bb45edbda86df32351fe69343;k587223qmpzmj;assets/pp_none.png
cgauran19;Chianon;GAURAN;LP RS;D1;chianon.gauran@gmail.com;06.19.85.51.39;6, rue de Paris;01028babf36b7ebec2128777dc60e2e92b17186e0c0e3124eeb773946932264a;071z287kb4247;assets/pp_none.png
hneves gameiro92;Hemas;NEVES GAMEIRO;L1-MIPI;A1;hemas.neves gameiro@gmail.com;06.92.14.92.18;6, rue de Paris;6b3bb9b228d378cae8e143564f2989165c03b13a63b2ebed2fe1a7c5951ed4be;c243kqs5sqbl7;assets/pp_none.png
fthiery crutzen76;Farquharson;THIERY CRUTZEN;LP RS;D1;farquharson.thiery crutzen@gmail.com;06.76.88.77.44;6, rue de Paris;f3a56e9472847f2f2f4c4d3b30790bc3b5934ba5ad9be60bbd146a2da7e5f5d9;6t3fk718v92qw;assets/pp_none.png
abouait41;Arnaurd;BOUAIT;L3-I;C2;arnaurd.bouait@gmail.com;06.41.98.60.51;6, rue de Paris;0245472c4f5a86a30c12294358bb07551cdde430bfa96b01cd1e7f65bbed76c0;mc0ntrr396902;assets/pp_none.png
jdrien62;Jeimila;DRIEN;LP RS;D2;jeimila.drien@gmail.com;06.62.49.45.22;6, rue de Paris;2ad0f95701bf2765bda3c497e94efc71305d015aa9fb4846aefa8f84949bbab5;329l1h2gd2974;assets/pp_none.png
hthevagnanam66;Husameddin;THEVAGNANAM;LP RS;D3;husameddin.thevagnanam@gmail.com;06.66.89.14.53;6, rue de Paris;1e762a34197bfa53650980d2c1f26322bfd823cf5d3e7a1243815f8f85c2e5e6;3ekmqggb07v2n;assets/pp_none.png
izitlinskis62;Istok;ZITLINSKIS;LPI-RIWS;E1;istok.zitlinskis@gmail.com;06.62.69.67.95;6, rue de Paris;db51f170e9634e4ed99599110dd138dfa718feb981daa5e4eb42bfc63f683b60;rk0s3f04s13wo;assets/pp_none.png
llebgaa85;Lesellier;LEBGAA;L1-MIPI;A2;lesellier.lebgaa@gmail.com;06.85.19.76.81;6, rue de Paris;59d7f1f628ac4759f2dac5bf136a543a82a4d8f1c5e05de7e0af43d248ee3b3f;7168164d25817;assets/pp_none.png
sfernine91;Suhail;FERNINE;L3-I;C3;suhail.fernine@gmail.com;06.91.15.17.90;6, rue de Paris;9bea466593e76437f4c904cb0c76608299381b47f080202ed71fff0816a5de86;rzwbi92dq80z0;assets/pp_none.png
ndoublaj74;Naye;DOUBLAJ;L2-MI;B3;naye.doublaj@gmail.com;06.74.86.16.18;6, rue de Paris;f9e1fe9a9b18c35236550026f489542833fe6ec96301d162f44f580eee72f0ae;exi2x45r1yhfo;assets/pp_none.png
mbiansomba kua41;Marovavy;BIANSOMBA KUA;L1-MIPI;A2;marovavy.biansomba kua@gmail.com;06.41.59.84.92;6, rue de Paris;3f57cd43e39e83245ab390bc12954274b1f3afee5ccb56216cd13a25f51ac60d;82d36c1qtqgv8;assets/pp_none.png
jbourechache86;Javotte;BOURECHACHE;LPI-RIWS;E3;javotte.bourechache@gmail.com;06.86.75.52.42;6, rue de Paris;322a834502b754fe5966f4e46f65d09f93e785ea841c2c634dd3b37582c576cb;221kvbt48il4a;assets/pp_none.png
enzilampa48;Elano;NZILAMPA;LPI-RIWS;E3;elano.nzilampa@gmail.com;06.48.82.31.25;6, rue de Paris;90f3aa17dc9ed973fa6f0ccbe0e7fc45821bed2f6a9b822a3a9013823479ddc7;f2kg6n5jitv5i;assets/pp_none.png
arodriguez pacheco69;Arulappu;RODRIGUEZ PACHECO;LPI-RIWS;E3;arulappu.rodriguez pacheco@gmail.com;06.69.20.13.99;6, rue de Paris;ff2368464faa24eec2d780994c566ec0b67df3eda742f4748e31a43d94b9ce33;y8op09069v014;assets/pp_none.png
eda conceicao quatorze11;Elmast;DA CONCEICAO QUATORZE;LPI-RIWS;E1;elmast.da conceicao quatorze@gmail.com;06.11.35.93.40;6, rue de Paris;4390a1c0240c45e91b0168c9c1f7b98d353ae93cc09d6a2da264ff55a505aec7;3j0bcws5ud4x5;assets/pp_none.png
rtoutain le grand45;Raulic;TOUTAIN LE GRAND;L2-MI;B3;raulic.toutain le grand@gmail.com;06.45.65.98.96;6, rue de Paris;bd642ab9dce7052740626b024eb7fc6552ee4ebf19cf57fe4285abd9b6bde630;tpry7899h6rf6;assets/pp_none.png
icoelho gaspar21;Innia;COELHO GASPAR;L1-MIPI;A1;innia.coelho gaspar@gmail.com;06.21.25.60.53;6, rue de Paris;daab4c79191d25e7f23423028dc125c84d41f72e526713345e5afd055a0bba50;vbyfz00t9f752;assets/pp_none.png
ynoblinski23;Yamongbe;NOBLINSKI;LPI-RIWS;E1;yamongbe.noblinski@gmail.com;06.23.83.68.91;6, rue de Paris;0baaba4a94b576f74bc3c295db368c2a2823176b154abc43b9899a962720e29c;8a56l08f6lbc1;assets/pp_none.png
asyves83;Arve;SYVES;L1-MIPI;A3;arve.syves@gmail.com;06.83.24.11.56;6, rue de Paris;34ff6ed62bbeeb58bf381f8f28ffdd3c90537105286af4fb63959c2c0ea05402;z6g344ue5dctq;assets/pp_none.png
gcrommer24;Gianstefano;CROMMER;LPI-RIWS;E3;gianstefano.crommer@gmail.com;06.24.25.21.23;6, rue de Paris;fc7b5aff567fb724dbf3706db6abd3f150b44af425f24404ad5201e7c220a404;l8x8c37l21wea;assets/pp_none.png
tbabiar96;Tereza;BABIAR;LPI-RIWS;E3;tereza.babiar@gmail.com;06.96.41.20.25;6, rue de Paris;ba28da57ba3cf161e4d4e4a5158ca5f03dce7b42000712050058101da335e6c3;t32zgkk7dym9i;assets/pp_none.png
bde clausade16;Bedy;DE CLAUSADE;L1-MIPI;A1;bedy.de clausade@gmail.com;06.16.20.45.45;6, rue de Paris;ac012bc6c3d5f438aa199f1d745f27399c4b0ca4a2fbe099e63fcd3b823cff44;q0k4jlj22vi5e;assets/pp_none.png
jmarcuz88;Jiahua;MARCUZ;L2-MI;B2;jiahua.marcuz@gmail.com;06.88.25.20.56;6, rue de Paris;bea734291018305fa37747f1944f094b40e96e9429c37068f025881d33633555;6n324w52b14o4;assets/pp_none.png
mel hanti78;Misato;EL HANTI;L1-MIPI;A2;misato.el hanti@gmail.com;06.78.30.78.71;6, rue de Paris;e42a9825ea1874edafb8b82383331ea22ebfda154a4ec63e087e8228ce9638b3;cfp20ffbyv961;assets/pp_none.png
tmarsaa poey98;Theme;MARSAA POEY;L1-MIPI;A2;theme.marsaa poey@gmail.com;06.98.44.78.69;6, rue de Paris;a2c964abdf8a8b7a29bc66de710a09b2cdf3f5e4cf96bb7ef6621810c4c74b71;re776xn755wtm;assets/pp_none.png
sdubruque31;Stepane;DUBRUQUE;LPI-RIWS;E3;stepane.dubruque@gmail.com;06.31.18.47.90;6, rue de Paris;3f469d35ced6e235debfc065d6880d8f1fe590427c41af2537a51dc71d5032c0;ch1uo65f6sgr3;assets/pp_none.png
nmathiau22;Narguiz;MATHIAU;L2-MI;B1;narguiz.mathiau@gmail.com;06.22.27.24.38;6, rue de Paris;3ae046456d18b2c99d465170a854591e976ca66837473aeb84239edf48bbbd10;63o5e44k8y7w7;assets/pp_none.png
ehoelt74;Elona;HOELT;LPI-RIWS;E3;elona.hoelt@gmail.com;06.74.34.92.27;6, rue de Paris;9cea7330e9008408893b9a94742bde195372afcd055b6f0cd747cbbd2091fb0a;n398y71s6442l;assets/pp_none.png
urodrigues valente15;Ulricha;RODRIGUES VALENTE;LPI-RIWS;E1;ulricha.rodrigues valente@gmail.com;06.15.36.88.17;6, rue de Paris;494b5b7afa8879044ec8352d6879ec01655ee8b42050969abaa25be19f7678e1;92umz4xv299tc;assets/pp_none.png
cfaivre pierret45;Cathicia;FAIVRE PIERRET;LPI-RIWS;E2;cathicia.faivre pierret@gmail.com;06.45.32.80.29;6, rue de Paris;5bdc417990a3d4aa8129fea6857ac09672e6713e25e3f14d7489be135e6d288c;bl83449otm243;assets/pp_none.png
hnanikuna zalema82;Hannia;NANIKUNA ZALEMA;L3-I;C3;hannia.nanikuna zalema@gmail.com;06.82.43.39.80;6, rue de Paris;4112c730d78c458df469a21a1f1182b07d09aed5bc3a420fbaea7862020ce95d;lp3e8z42r2g4k;assets/pp_none.png
sbertalmio22;Sorcha;BERTALMIO;L2-MI;B1;sorcha.bertalmio@gmail.com;06.22.96.18.77;6, rue de Paris;95c832e3c70f5898d1cfc66c067b9103e90c055e20c6b38650cc2c0db391aa96;4dx16256b1055;assets/pp_none.png
therogue76;Tieli;HEROGUE;L2-MI;B3;tieli.herogue@gmail.com;06.76.39.54.43;6, rue de Paris;f73049188927f66be6253c2ba290e949689ca10afff822d723c76d65031498a3;5haaj4y9953e9;assets/pp_none.png
mahakoun87;Makanda;AHAKOUN;LP RS;D2;makanda.ahakoun@gmail.com;06.87.25.96.53;6, rue de Paris;63197fd09019e5cd720f12d46e29f8cdb66efd4a5191bb7c6072cc84968d462a;j152py1bx5m06;assets/pp_none.png
djaille76;Dhamane;JAILLE;LPI-RIWS;E1;dhamane.jaille@gmail.com;06.76.89.58.89;6, rue de Paris;335b9a6023352052e0b7498e92df8536d69bed9353653d7a4d34acf9cd9c7d58;d1gy581gasfu7;assets/pp_none.png
aettalhaoui27;Anelio;ETTALHAOUI;L1-MIPI;A1;anelio.ettalhaoui@gmail.com;06.27.72.80.87;6, rue de Paris;97e03a43ca80c2f985dd6d81686ab321ea253ea7a9b5d96f382e2503b5276115;l289t1c53907m;assets/pp_none.png
jtchaderjian91;Jeannelle;TCHADERJIAN;L2-MI;B3;jeannelle.tchaderjian@gmail.com;06.91.32.17.29;6, rue de Paris;bc80a43fd326581f47be0a6072cffac4cffa895f910595e8591fa89d6714ab98;gbun357k28mp4;assets/pp_none.png
sharkour18;Souhel;HARKOUR;LP RS;D2;souhel.harkour@gmail.com;06.18.68.39.80;6, rue de Paris;b5359a6f49f321ce59b9a0327899ad4f24fc0619bd4a629501968be27a9ca459;4r42549g6032q;assets/pp_none.png
seyremand93;Salimatu;EYREMAND;L2-MI;B3;salimatu.eyremand@gmail.com;06.93.44.39.94;6, rue de Paris;940e2f357e2a74e5521ecfcd5ca1328358b07ca44eaff3de0b53dff072c99692;2cnp0mn26z9p5;assets/pp_none.png
egrauffel91;Elizbeth;GRAUFFEL;LPI-RIWS;E3;elizbeth.grauffel@gmail.com;06.91.37.73.98;6, rue de Paris;dcfe61e80fcb72d2e29f1b013a787f88eee84e65a48fb729e7b511ac8047d721;k166ic837ev08;assets/pp_none.png
vansari fahim47;Vadiby;ANSARI FAHIM;LP RS;D1;vadiby.ansari fahim@gmail.com;06.47.79.28.97;6, rue de Paris;6a517d59994c2e82148b696d7c0e902ed7b2763cbe5d4390eb52be194e17f680;6805r7xsa564l;assets/pp_none.png
gsalendre40;Gondolf;SALENDRE;LPI-RIWS;E2;gondolf.salendre@gmail.com;06.40.31.27.32;6, rue de Paris;c949483534a8a680f6a0d25f0441e74504b4aca4c3cc4fa2f17eaa02d41ef364;5n00apue8547w;assets/pp_none.png
ppietriga22;Piriyanka;PIETRIGA;L1-MIPI;A3;piriyanka.pietriga@gmail.com;06.22.69.76.41;6, rue de Paris;2ab63ceb0c881cb0f233878fee7c85206c031d4cdf349e1fa93128c77756b615;53fqy1462asgj;assets/pp_none.png
fnzeutem66;Fadlana;NZEUTEM;LPI-RIWS;E1;fadlana.nzeutem@gmail.com;06.66.66.80.65;6, rue de Paris;826055b4afe31f6e59d40be676160a8f702078ab02e92523c45471f009f206be;336lbo2v3149p;assets/pp_none.png
dbuquant60;Duchon;BUQUANT;L1-MIPI;A2;duchon.buquant@gmail.com;06.60.73.36.57;6, rue de Paris;0312024190d9ad0fe4d44f17cdcd84346e4c389b70888e06747707271eaa0e51;h769g7nnx1ce5;assets/pp_none.png
shani37;Saddia;HANI;L2-MI;B1;saddia.hani@gmail.com;06.37.35.67.68;6, rue de Paris;22c62296419ffd1be077c65ce60e00c44a01a775c678186bf14d311ef0e1f3e9;59m3u9815w7w9;assets/pp_none.png
ssiesky73;Shannez;SIESKY;L1-MIPI;A2;shannez.siesky@gmail.com;06.73.97.72.96;6, rue de Paris;c0b95609b76dadbf65d8b40f4376268aa7cdea2971c1780bb4c83557492318de;dn471rhc2j07u;assets/pp_none.png
lrosset37;Lors;ROSSET;L3-I;C2;lors.rosset@gmail.com;06.37.42.71.92;6, rue de Paris;8ceac4494b02788c8ab557d091ac449d84d3d9b6aa2ad5fc76607462018ffccf;p1vnl9jlj0dr6;assets/pp_none.png
vnioche49;Volica;NIOCHE;LPI-RIWS;E2;volica.nioche@gmail.com;06.49.60.38.31;6, rue de Paris;1a1f3c0e6c15121588426388c1df6165f6de38361d85a1ec6de0162dc89c9957;cn105ea464evg;assets/pp_none.png
fschatl11;Fraces;SCHATL;LPI-RIWS;E2;fraces.schatl@gmail.com;06.11.77.10.17;6, rue de Paris;1340c24ada084d1477456c1adec215fadff857e79aaa2a109170190965fe0cf0;3r4i5b1o1o013;assets/pp_none.png
ghadzhigeorgiev52;Grine;HADZHIGEORGIEV;L3-I;C2;grine.hadzhigeorgiev@gmail.com;06.52.42.17.19;6, rue de Paris;afaa09850af82b29551a85daa057c7d6a8e9914d0857e07f84dc8a69077f6396;98b48rrm55p8p;assets/pp_none.png
rdikieka47;Rookmada;DIKIEKA;L1-MIPI;A2;rookmada.dikieka@gmail.com;06.47.70.42.54;6, rue de Paris;bbc2935e7b892485397318c74a7032b9e40263373e586cb08b2a741291283682;457kf7444ms8k;assets/pp_none.png
swolnerman20;Shanzada;WOLNERMAN;L3-I;C1;shanzada.wolnerman@gmail.com;06.20.52.75.85;6, rue de Paris;236d099cb7d4da7ede5bcc8038530de20b67e927fea92834c724e31f2cda9735;wdwl01f0x1nz9;assets/pp_none.png
nreneric94;Namya;RENERIC;L2-MI;B2;namya.reneric@gmail.com;06.94.10.84.65;6, rue de Paris;bcefdf5e27b00ad261df2f8a222390fdaf96eb88b450ffaa279cb95b88c22a8d;9wdb5g3m510w4;assets/pp_none.png
therbirio26;Tjaard;HERBIRIO;L3-I;C3;tjaard.herbirio@gmail.com;06.26.76.33.31;6, rue de Paris;96fa82d1c903388c991e397d65e816388dad2780da6132dabd735e87de98b7cd;a333ai9sy0fk7;assets/pp_none.png
mcoquet54;Motomitsu;COQUET;L2-MI;B2;motomitsu.coquet@gmail.com;06.54.49.87.68;6, rue de Paris;603845e3c9d281959bb2bd68ff004496f5bbc0ef7fe91dfa4a5e220213eb6094;sh5960j91a4mm;assets/pp_none.png
rkapry34;Robianne;KAPRY;L2-MI;B1;robianne.kapry@gmail.com;06.34.15.13.16;6, rue de Paris;33d2293f8c6d65535c61975b8e8706bee3ec5804a1f3a0a3a3897bbf82cd3032;5738zg7445f01;assets/pp_none.png
nprolon45;Nadjean;PROLON;L3-I;C3;nadjean.prolon@gmail.com;06.45.51.98.64;6, rue de Paris;229e185c91364d2a8f9cec540cbec8e3a39430f0885e70cd15c7def5d09cd30a;3r0535ro0yf1t;assets/pp_none.png
akwan koc92;Abbevi;KWAN KOC;LP RS;D2;abbevi.kwan koc@gmail.com;06.92.84.62.69;6, rue de Paris;9a8b834d76b5a0253d39909d50c1b5cd9006264df82cd2135614b7fc9af699a2;1zpu02w21o619;assets/pp_none.png
idomnez11;Ianita;DOMNEZ;L3-I;C1;ianita.domnez@gmail.com;06.11.65.74.78;6, rue de Paris;be52647c902eeb85845abb0eea4e0b49cdca7d3fb07662916602b5d7210e026f;xr5nntkq5y0se;assets/pp_none.png
avielmas felix75;Apiculteur;VIELMAS FELIX;L2-MI;B3;apiculteur.vielmas felix@gmail.com;06.75.63.70.33;6, rue de Paris;d93b75400563021120bd77a4d58705629790395e0fdf584546f89e0f55bc58f2;3sen63783z299;assets/pp_none.png
gmedhi39;Ghiislaine;MEDHI;LPI-RIWS;E2;ghiislaine.medhi@gmail.com;06.39.71.16.36;6, rue de Paris;a4ce424749bbc24ac57df018bdfd3dd7c07e95c40e9b5c2f7dcd04285e39ad6e;f5lo36zgdf74s;assets/pp_none.png
sel ghari91;Shapole;EL GHARI;L3-I;C1;shapole.el ghari@gmail.com;06.91.99.39.92;6, rue de Paris;4eeb9ec19cab5a399ce9d09bb88ee12d5640762286c43fdd1e4ba219bdaf9129;nnnzqj20p8398;assets/pp_none.png
ediederich92;Erdem;DIEDERICH;L3-I;C1;erdem.diederich@gmail.com;06.92.21.25.17;6, rue de Paris;1942d884bfa72a010429e1b1534ccf00e42e215b4c4e846fb96138e294b18826;qpo6mc84y0k11;assets/pp_none.png
etekes98;Edryan;TEKES;L3-I;C2;edryan.tekes@gmail.com;06.98.61.85.19;6, rue de Paris;464ee7e9dc2d5db31d1a8980e2c1e6e2f2cf9deb8bba0e7fd0c90f9338b7c2da;gkzf5316x0b4i;assets/pp_none.png
ehammougi55;Erty;HAMMOUGI;LP RS;D3;erty.hammougi@gmail.com;06.55.64.38.32;6, rue de Paris;4169cf645b7dc77ca00350e5b98d3809cbe7290b83d4ea1e4b9494147d453905;7gtikw10l3m03;assets/pp_none.png
aiweins64;Amoitie;IWEINS;L3-I;C3;amoitie.iweins@gmail.com;06.64.27.24.10;6, rue de Paris;50390467e0926ffd2c7c510a9781f9310b81186e19589858ae82b60bcbc68398;bo573dk3xn68v;assets/pp_none.png
tvotan58;Tzortze;VOTAN;L3-I;C2;tzortze.votan@gmail.com;06.58.44.78.31;6, rue de Paris;c2ab7f1a351c7f803297711c5df7d19f3431e8136cca41ffed84528327de9d97;e48uk71x8s28l;assets/pp_none.png
scharliquart40;Seweryn;CHARLIQUART;L2-MI;B1;seweryn.charliquart@gmail.com;06.40.38.61.27;6, rue de Paris;dd6ba32dcdcd9bbe304e053151d9c0ae02bfd6b239785cfa5deeaeb4449f3182;8x797249884mu;assets/pp_none.png
rvizdomine53;Rousselat;VIZDOMINE;LPI-RIWS;E3;rousselat.vizdomine@gmail.com;06.53.12.98.56;6, rue de Paris;2c852af5a0213387bf489e76de1b324b535a6721a695c1c1935ffae312cc03de;3goz4g41glmv4;assets/pp_none.png
csobirats79;Custos;SOBIRATS;LPI-RIWS;E3;custos.sobirats@gmail.com;06.79.52.38.91;6, rue de Paris;6121d638c61efd0021858432e56024c08112ee41927c543c865e17a972167cd7;au54ionf3epja;assets/pp_none.png
dkipopo matondo96;Dilhun;KIPOPO MATONDO;L1-MIPI;A1;dilhun.kipopo matondo@gmail.com;06.96.61.47.31;6, rue de Paris;626d339f2f56831d60d46257b40d58c42e6118120faf24e1cdabddf0cf6ca735;471khr773709m;assets/pp_none.png
lghirlanda79;Lianming;GHIRLANDA;L3-I;C1;lianming.ghirlanda@gmail.com;06.79.56.34.41;6, rue de Paris;057575b5af94e1aeed4ea604c48a60769265fa402d3f4b7250ca16b85cda9de6;5csz2l312dp57;assets/pp_none.png
bvan kwikkelberghe74;Beyler;VAN KWIKKELBERGHE;L2-MI;B1;beyler.van kwikkelberghe@gmail.com;06.74.88.44.24;6, rue de Paris;04fc61aafef73d24578256fb4db4b7a7cacea602e67dc6b71ea3a160d4937e89;51ut1n50go9ck;assets/pp_none.png
apurgavie12;Actorice;PURGAVIE;LP RS;D3;actorice.purgavie@gmail.com;06.12.43.64.35;6, rue de Paris;a5fbc1a849a418f403c3fea9beaad94414116b00cb41f2b486f1f09535fa85e3;y481z1m7e8fw7;assets/pp_none.png
vpiauley25;Volter;PIAULEY;LP RS;D3;volter.piauley@gmail.com;06.25.94.61.27;6, rue de Paris;112ede6b5bbd07deb3413f9ede8264314f5ce6ab7e4a99e9d384b03d77425122;05atw0obw9i1d;assets/pp_none.png
lrasquinet44;Lantoniaina;RASQUINET;L1-MIPI;A2;lantoniaina.rasquinet@gmail.com;06.44.55.36.66;6, rue de Paris;767e9dfb28b2ad7791e7a747d2dd6e242cf9ccd7760879b257cafba2d8de6663;rn9209950vht8;assets/pp_none.png
avalesch61;Anastazja;VALESCH;LP RS;D2;anastazja.valesch@gmail.com;06.61.27.81.65;6, rue de Paris;80695006990f5481af89301fddc04c2faa8e45a04f9974c04617d4e566a413ca;f8448w2a95v03;assets/pp_none.png
msaudinos85;Mousselard;SAUDINOS;L3-I;C3;mousselard.saudinos@gmail.com;06.85.54.25.26;6, rue de Paris;a347a9040aaa8e37c27b4e5cddf7a6835cda576f31cb5e390a0fb9ca7e76080c;00e63mc94m5e2;assets/pp_none.png
rplewczynski21;Rojen;PLEWCZYNSKI;LP RS;D1;rojen.plewczynski@gmail.com;06.21.38.71.13;6, rue de Paris;f90531faf8c6f9ad27835699b9c5490c86bd8447c88ec1ab4f124edc65792ab7;9975qvv7dbfn3;assets/pp_none.png
ygoldring76;Yavier;GOLDRING;LPI-RIWS;E3;yavier.goldring@gmail.com;06.76.50.12.84;6, rue de Paris;0c63bdf4e89b5de6436c9dc46f5c505b277f28fb7ab140fd6ec39075296314be;y38mdocks57sh;assets/pp_none.png
bmarquez castillo26;Bohdam;MARQUEZ CASTILLO;L1-MIPI;A2;bohdam.marquez castillo@gmail.com;06.26.18.79.64;6, rue de Paris;d25c97ff4c2fad518e50dfcef421aed5183dfca0297b329e1742d2fe628e3f9d;o1o79310tpuo5;assets/pp_none.png
mbreham10;Mfika;BREHAM;LPI-RIWS;E3;mfika.breham@gmail.com;06.10.25.15.55;6, rue de Paris;7915c7314e7442a09e9380d0d158a85bf6868b2afb5425a8d74df03d8ac01597;f5ja9p5m5e20p;assets/pp_none.png
bulcyfer98;Berrinda;ULCYFER;L1-MIPI;A2;berrinda.ulcyfer@gmail.com;06.98.15.42.26;6, rue de Paris;262d1312a5b9c7c4bacc7eb08c9ba4bb590fc94b6944ba3e972a57d5f32c6c0a;npg19brd4xnk0;assets/pp_none.png
rrozumek58;Renny;ROZUMEK;L3-I;C1;renny.rozumek@gmail.com;06.58.39.97.48;6, rue de Paris;d6675d8634243dd1864d932d829ac8bb0efa2e4bdac2926b79e8fa4f427d6481;iu0t07187f3fr;assets/pp_none.png
ltaminian93;Lahacene;TAMINIAN;LPI-RIWS;E3;lahacene.taminian@gmail.com;06.93.79.64.65;6, rue de Paris;6ca72ef875231941d4475e5d57122d48caf4c1bba0e60e32b81903a5838760a2;o2f69cp0eo3rd;assets/pp_none.png
ipriso fils22;Isile;PRISO FILS;LP RS;D2;isile.priso fils@gmail.com;06.22.27.54.83;6, rue de Paris;0523086e88a89b8ede3f44d8fae5b9e08f91f5e759d08bc2f3144c5e4e02f399;0k8i8szh89rg3;assets/pp_none.png
dborker88;Duparc;BORKER;LPI-RIWS;E2;duparc.borker@gmail.com;06.88.29.32.79;6, rue de Paris;2514a916cf4c2c7f3b6651f3683536ac06bc1c796c166aeff12b63c1960b80b9;a749by5654u85;assets/pp_none.png
